idna_subject,checker_type,destination,source,tested_at,session_id
0.r.msn.com,AVAILABILITY,domains.list,domains.list,2022-04-04 10:19:04.200811,f1e3a7a99a845306d2d0d603
000.0x1f4b0.com,AVAILABILITY,domains.list,domains.list,2022-04-04 10:19:05.044886,f1e3a7a99a845306d2d0d603
000.gaysexe.free.fr,AVAILABILITY,domains.list,domains.list,2022-04-04 10:19:06.635903,f1e3a7a99a845306d2d0d603
000free.us,AVAILABILITY,domains.list,domains.list,2022-04-04 10:19:07.629444,f1e3a7a99a845306d2d0d603
000owamail0.000webhostapp.com,AVAILABILITY,domains.list,domains.list,2022-04-04 10:19:11.233822,f1e3a7a99a845306d2d0d603
000tristanprod.free.fr,AVAILABILITY,domains.list,domains.list,2022-04-04 10:19:12.741986,f1e3a7a99a845306d2d0d603
001.0x1f4b0.com,AVAILABILITY,domains.list,domains.list,2022-04-04 10:19:13.447154,f1e3a7a99a845306d2d0d603
002.0x1f4b0.com,AVAILABILITY,domains.list,domains.list,2022-04-04 10:19:14.188874,f1e3a7a99a845306d2d0d603
003.0x1f4b0.com,AVAILABILITY,domains.list,domains.list,2022-04-04 10:19:15.058670,f1e3a7a99a845306d2d0d603
004.0x1f4b0.com,AVAILABILITY,domains.list,domains.list,2022-04-04 10:19:15.819506,f1e3a7a99a845306d2d0d603
005.0x1f4b0.com,AVAILABILITY,domains.list,domains.list,2022-04-04 10:19:16.546903,f1e3a7a99a845306d2d0d603
005.free-counter.co.uk,AVAILABILITY,domains.list,domains.list,2022-04-04 10:19:17.110417,f1e3a7a99a845306d2d0d603
006.0x1f4b0.com,AVAILABILITY,domains.list,domains.list,2022-04-04 10:19:17.850379,f1e3a7a99a845306d2d0d603
006.free-counter.co.uk,AVAILABILITY,domains.list,domains.list,2022-04-04 10:19:18.421731,f1e3a7a99a845306d2d0d603
006.freecounters.co.uk,AVAILABILITY,domains.list,domains.list,2022-04-04 10:19:19.629259,f1e3a7a99a845306d2d0d603
007.0x1f4b0.com,AVAILABILITY,domains.list,domains.list,2022-04-04 10:19:20.344974,f1e3a7a99a845306d2d0d603
007.free-counter.co.uk,AVAILABILITY,domains.list,domains.list,2022-04-04 10:19:20.956852,f1e3a7a99a845306d2d0d603
007angels.com,AVAILABILITY,domains.list,domains.list,2022-04-04 10:19:21.765531,f1e3a7a99a845306d2d0d603
007dbb3a8ae14885b83d6a292d761e15.fp.measure.office.com,AVAILABILITY,domains.list,domains.list,2022-04-04 10:19:23.503834,f1e3a7a99a845306d2d0d603
007freepics.com,AVAILABILITY,domains.list,domains.list,2022-04-04 10:19:24.747780,f1e3a7a99a845306d2d0d603
008.0x1f4b0.com,AVAILABILITY,domains.list,domains.list,2022-04-04 10:19:25.627546,f1e3a7a99a845306d2d0d603
008.free-counter.co.uk,AVAILABILITY,domains.list,domains.list,2022-04-04 10:19:26.226973,f1e3a7a99a845306d2d0d603
008.free-counters.co.uk,AVAILABILITY,domains.list,domains.list,2022-04-04 10:19:26.833868,f1e3a7a99a845306d2d0d603
009.0x1f4b0.com,AVAILABILITY,domains.list,domains.list,2022-04-04 10:19:27.667885,f1e3a7a99a845306d2d0d603
00author.com,AVAILABILITY,domains.list,domains.list,2022-04-04 10:19:28.457975,f1e3a7a99a845306d2d0d603
00cde02d32e44653b875249fdefff679.fp.measure.office.com,AVAILABILITY,domains.list,domains.list,2022-04-04 10:19:31.191193,f1e3a7a99a845306d2d0d603
00deb6611d5462c5cf7e0c0dc0590815.fp.measure.office.com,AVAILABILITY,domains.list,domains.list,2022-04-04 10:19:35.533278,f1e3a7a99a845306d2d0d603
00df4212b0e549aaa3fee6161111866c.fp.measure.office.com,AVAILABILITY,domains.list,domains.list,2022-04-04 10:19:37.627255,f1e3a7a99a845306d2d0d603
00f91.static-ex.epom.com,AVAILABILITY,domains.list,domains.list,2022-04-04 10:19:38.331879,f1e3a7a99a845306d2d0d603
00fun.com,AVAILABILITY,domains.list,domains.list,2022-04-04 10:19:48.987202,f1e3a7a99a845306d2d0d603
00go.com,AVAILABILITY,domains.list,domains.list,2022-04-04 10:19:49.932489,f1e3a7a99a845306d2d0d603
00it.com,AVAILABILITY,domains.list,domains.list,2022-04-04 10:19:50.777837,f1e3a7a99a845306d2d0d603
00sexus.com,AVAILABILITY,domains.list,domains.list,2022-04-04 10:19:51.437244,f1e3a7a99a845306d2d0d603
00webcams.com,AVAILABILITY,domains.list,domains.list,2022-04-04 10:19:52.866609,f1e3a7a99a845306d2d0d603
01-photos-porno.info,AVAILABILITY,domains.list,domains.list,2022-04-04 10:19:53.424662,f1e3a7a99a845306d2d0d603
01-sex-amateur.info,AVAILABILITY,domains.list,domains.list,2022-04-04 10:19:53.979460,f1e3a7a99a845306d2d0d603
0101011.com,AVAILABILITY,domains.list,domains.list,2022-04-04 10:20:04.912392,f1e3a7a99a845306d2d0d603
011707160008.c.mystat-in.net,AVAILABILITY,domains.list,domains.list,2022-04-04 10:20:06.506543,f1e3a7a99a845306d2d0d603
012.2o7.net,AVAILABILITY,domains.list,domains.list,2022-04-04 10:20:06.842198,f1e3a7a99a845306d2d0d603
0127a0cbe96c4f129cdf99a32cfed538.fp.measure.office.com,AVAILABILITY,domains.list,domains.list,2022-04-04 10:20:09.406569,f1e3a7a99a845306d2d0d603
012br.com,AVAILABILITY,domains.list,domains.list,2022-04-04 10:20:10.564105,f1e3a7a99a845306d2d0d603
0137d9960ca74fe5a945ac56e59d1e7c.fp.measure.office.com,AVAILABILITY,domains.list,domains.list,2022-04-04 10:20:13.061984,f1e3a7a99a845306d2d0d603
013a7c797c454bc4ac656218b2371166.fp.measure.office.com,AVAILABILITY,domains.list,domains.list,2022-04-04 10:20:15.588062,f1e3a7a99a845306d2d0d603
013sv.com,AVAILABILITY,domains.list,domains.list,2022-04-04 10:20:16.625031,f1e3a7a99a845306d2d0d603
015gf.com,AVAILABILITY,domains.list,domains.list,2022-04-04 10:20:17.551392,f1e3a7a99a845306d2d0d603
016ih.com,AVAILABILITY,domains.list,domains.list,2022-04-04 10:20:18.438005,f1e3a7a99a845306d2d0d603
017.moro.tv,AVAILABILITY,domains.list,domains.list,2022-04-04 10:20:19.336165,f1e3a7a99a845306d2d0d603
017b4657457b492baabb6c5bc86e07d4.fp.measure.office.com,AVAILABILITY,domains.list,domains.list,2022-04-04 10:20:22.026666,f1e3a7a99a845306d2d0d603
017gj.com,AVAILABILITY,domains.list,domains.list,2022-04-04 10:20:22.731980,f1e3a7a99a845306d2d0d603
0190service.de,AVAILABILITY,domains.list,domains.list,2022-04-04 10:20:24.265575,f1e3a7a99a845306d2d0d603
01apple.com,AVAILABILITY,domains.list,domains.list,2022-04-04 10:20:25.990840,f1e3a7a99a845306d2d0d603
01bcbb037d1840b3826cc6abf2908f36.fp.measure.office.com,AVAILABILITY,domains.list,domains.list,2022-04-04 10:20:28.656446,f1e3a7a99a845306d2d0d603
020.moro.tv,AVAILABILITY,domains.list,domains.list,2022-04-04 10:20:29.435863,f1e3a7a99a845306d2d0d603
020ea0f0a72a4475b928f1f855b63790.fp.measure.office.com,AVAILABILITY,domains.list,domains.list,2022-04-04 10:20:30.380079,f1e3a7a99a845306d2d0d603
021.moro.tv,AVAILABILITY,domains.list,domains.list,2022-04-04 10:20:31.350164,f1e3a7a99a845306d2d0d603
02378353e04c4dd1b576e2714e1017a5.fp.measure.office.com,AVAILABILITY,domains.list,domains.list,2022-04-04 10:20:33.721046,f1e3a7a99a845306d2d0d603
0365.bid,AVAILABILITY,domains.list,domains.list,2022-04-04 10:20:34.740819,f1e3a7a99a845306d2d0d603
038886a719cb44f48d0dc4f6a141c843.fp.measure.office.com,AVAILABILITY,domains.list,domains.list,2022-04-04 10:20:35.968366,f1e3a7a99a845306d2d0d603
03ae360e9e9c48d681e47b7eb129cf30.fp.measure.office.com,AVAILABILITY,domains.list,domains.list,2022-04-04 10:20:36.380642,f1e3a7a99a845306d2d0d603
03e.info,AVAILABILITY,domains.list,domains.list,2022-04-04 10:20:37.736028,f1e3a7a99a845306d2d0d603
03p.info,AVAILABILITY,domains.list,domains.list,2022-04-04 10:20:39.588585,f1e3a7a99a845306d2d0d603
042707d90914.agrigid.com,AVAILABILITY,domains.list,domains.list,2022-04-04 10:20:47.935810,f1e3a7a99a845306d2d0d603
0427d7.se,AVAILABILITY,domains.list,domains.list,2022-04-04 10:20:49.381065,f1e3a7a99a845306d2d0d603
045341599ee042678fa797a3c25381d8.fp.measure.office.com,AVAILABILITY,domains.list,domains.list,2022-04-04 10:20:49.743154,f1e3a7a99a845306d2d0d603
047aab3776e04587b06cf7b3e43231b5.fp.measure.office.com,AVAILABILITY,domains.list,domains.list,2022-04-04 10:20:51.680889,f1e3a7a99a845306d2d0d603
04c2a765a7eb44ffa543e33612b212f6.fp.measure.office.com,AVAILABILITY,domains.list,domains.list,2022-04-04 10:20:54.149594,f1e3a7a99a845306d2d0d603
04dda004dac44a2cb690094ec3ab715c.fp.measure.office.com,AVAILABILITY,domains.list,domains.list,2022-04-04 10:20:57.357809,f1e3a7a99a845306d2d0d603
050003.voodoo.com,AVAILABILITY,domains.list,domains.list,2022-04-04 10:20:58.447093,f1e3a7a99a845306d2d0d603
050005.voodoo.com,AVAILABILITY,domains.list,domains.list,2022-04-04 10:20:59.610703,f1e3a7a99a845306d2d0d603
0501f62ca2324d08a143f040c3b91251.fp.measure.office.com,AVAILABILITY,domains.list,domains.list,2022-04-04 10:21:00.157117,f1e3a7a99a845306d2d0d603
051a0a733d23448eb8cbda119c284386.fp.measure.office.com,AVAILABILITY,domains.list,domains.list,2022-04-04 10:21:01.868493,f1e3a7a99a845306d2d0d603
0532a9.r.axf8.net,AVAILABILITY,domains.list,domains.list,2022-04-04 10:21:02.640098,f1e3a7a99a845306d2d0d603
053a5285424844ae8163a5a65a5a4489.fp.measure.office.com,AVAILABILITY,domains.list,domains.list,2022-04-04 10:21:03.698306,f1e3a7a99a845306d2d0d603
054f6800f93149678960eb49fd0921a0.fp.measure.office.com,AVAILABILITY,domains.list,domains.list,2022-04-04 10:21:05.106111,f1e3a7a99a845306d2d0d603
05tz2e9.com,AVAILABILITY,domains.list,domains.list,2022-04-04 10:21:06.828603,f1e3a7a99a845306d2d0d603
061606084448.c.mystat-in.net,AVAILABILITY,domains.list,domains.list,2022-04-04 10:21:07.633439,f1e3a7a99a845306d2d0d603
06272002-dbase.hitcountz.net,AVAILABILITY,domains.list,domains.list,2022-04-04 10:21:08.432215,f1e3a7a99a845306d2d0d603
063424ed51904e3c9a01f7b1c94b45ba.fp.measure.office.com,AVAILABILITY,domains.list,domains.list,2022-04-04 10:21:08.932428,f1e3a7a99a845306d2d0d603
0637d5e5e9344d22932dec7c9346e0f9.fp.measure.office.com,AVAILABILITY,domains.list,domains.list,2022-04-04 10:21:11.576606,f1e3a7a99a845306d2d0d603
06468e39a4c44d0f31948f15c27dab91.safeframe.googlesyndication.com,AVAILABILITY,domains.list,domains.list,2022-04-04 10:21:12.063765,f1e3a7a99a845306d2d0d603
064bdf.r.axf8.net,AVAILABILITY,domains.list,domains.list,2022-04-04 10:21:12.751290,f1e3a7a99a845306d2d0d603
064cc48136c4438aa33cf276b834a9a3.fp.measure.office.com,AVAILABILITY,domains.list,domains.list,2022-04-04 10:21:13.996458,f1e3a7a99a845306d2d0d603
069925e27c5044339ad368572ed01f06.fp.measure.office.com,AVAILABILITY,domains.list,domains.list,2022-04-04 10:21:15.739830,f1e3a7a99a845306d2d0d603
070806142521.c.mystat-in.net,AVAILABILITY,domains.list,domains.list,2022-04-04 10:21:16.363114,f1e3a7a99a845306d2d0d603
075.nu,AVAILABILITY,domains.list,domains.list,2022-04-04 10:21:17.477970,f1e3a7a99a845306d2d0d603
07634.com,AVAILABILITY,domains.list,domains.list,2022-04-04 10:21:18.457655,f1e3a7a99a845306d2d0d603
07c3b1dbc79640359b15bccae0ef35ae.fp.measure.office.com,AVAILABILITY,domains.list,domains.list,2022-04-04 10:21:20.105222,f1e3a7a99a845306d2d0d603
07dfcf7774874378ae2388f7dc190bdd.fp.measure.office.com,AVAILABILITY,domains.list,domains.list,2022-04-04 10:21:23.025268,f1e3a7a99a845306d2d0d603
080jxrab.top,AVAILABILITY,domains.list,domains.list,2022-04-04 10:21:24.836641,f1e3a7a99a845306d2d0d603
0819115f4f894527afc87d43f34287d0.fp.measure.office.com,AVAILABILITY,domains.list,domains.list,2022-04-04 10:21:27.265114,f1e3a7a99a845306d2d0d603
08430f11c6b84a38af42ee9d158481bd.fp.measure.office.com,AVAILABILITY,domains.list,domains.list,2022-04-04 10:21:27.914176,f1e3a7a99a845306d2d0d603
08bb4fb7f66843b391584b0630a63484.fp.measure.office.com,AVAILABILITY,domains.list,domains.list,2022-04-04 10:21:28.890170,f1e3a7a99a845306d2d0d603
08e928e1566948dc9c697c94d2fcfa94.fp.measure.office.com,AVAILABILITY,domains.list,domains.list,2022-04-04 10:21:30.901585,f1e3a7a99a845306d2d0d603
08feb2018.truconversion.com,AVAILABILITY,domains.list,domains.list,2022-04-04 10:21:32.375410,f1e3a7a99a845306d2d0d603
08febuary18.truconversion.com,AVAILABILITY,domains.list,domains.list,2022-04-04 10:21:33.633104,f1e3a7a99a845306d2d0d603
0900-telefonerotik.de,AVAILABILITY,domains.list,domains.list,2022-04-04 10:21:34.299690,f1e3a7a99a845306d2d0d603
0906porno.nl,AVAILABILITY,domains.list,domains.list,2022-04-04 10:21:35.081176,f1e3a7a99a845306d2d0d603
090906042103.c.mystat-in.net,AVAILABILITY,domains.list,domains.list,2022-04-04 10:21:36.766667,f1e3a7a99a845306d2d0d603
092706152958.c.mystat-in.net,AVAILABILITY,domains.list,domains.list,2022-04-04 10:21:37.569631,f1e3a7a99a845306d2d0d603
098eea511f8346cbb43cd231c21a040c.fp.measure.office.com,AVAILABILITY,domains.list,domains.list,2022-04-04 10:21:38.502578,f1e3a7a99a845306d2d0d603
09ec49cca4675b505becf96eac852016.fp.measure.office.com,AVAILABILITY,domains.list,domains.list,2022-04-04 10:21:40.244484,f1e3a7a99a845306d2d0d603
09killspyware.com,AVAILABILITY,domains.list,domains.list,2022-04-04 10:21:40.952824,f1e3a7a99a845306d2d0d603
09zyy.com,AVAILABILITY,domains.list,domains.list,2022-04-04 10:21:42.886813,f1e3a7a99a845306d2d0d603
0a0abd415e9e4e64b0668abcaf6610f6.fp.measure.office.com,AVAILABILITY,domains.list,domains.list,2022-04-04 10:21:46.671782,f1e3a7a99a845306d2d0d603
0a14712881bb44aab3fbf720cbb0d2af.fp.measure.office.com,AVAILABILITY,domains.list,domains.list,2022-04-04 10:21:50.314841,f1e3a7a99a845306d2d0d603
0aqpqdju.me,AVAILABILITY,domains.list,domains.list,2022-04-04 10:21:51.961690,f1e3a7a99a845306d2d0d603
0azx1.com,AVAILABILITY,domains.list,domains.list,2022-04-04 10:21:52.597911,f1e3a7a99a845306d2d0d603
0b9cee8bf81a49a98e5de88ba2c9735d.fp.measure.office.com,AVAILABILITY,domains.list,domains.list,2022-04-04 10:21:53.111199,f1e3a7a99a845306d2d0d603
0bc010da54364c1981342897874f902c.fp.measure.office.com,AVAILABILITY,domains.list,domains.list,2022-04-04 10:21:55.507204,f1e3a7a99a845306d2d0d603
0be53a3e5db8406aaba3e7fbf1d9e8aa.fp.measure.office.com,AVAILABILITY,domains.list,domains.list,2022-04-04 10:21:57.638065,f1e3a7a99a845306d2d0d603
0c0494ad619e545257d6bc0b8e90c299.fp.measure.office.com,AVAILABILITY,domains.list,domains.list,2022-04-04 10:22:00.360684,f1e3a7a99a845306d2d0d603
0c6e7cd920616390db2a4221d688e4e6.fp.measure.office.com,AVAILABILITY,domains.list,domains.list,2022-04-04 10:22:02.705710,f1e3a7a99a845306d2d0d603
0cc175b9c0f1b6a831c399e269772661.com,AVAILABILITY,domains.list,domains.list,2022-04-04 10:22:03.844420,f1e3a7a99a845306d2d0d603
0cd90ec485db4e45bdc60b60d09bc5d6.fp.measure.office.com,AVAILABILITY,domains.list,domains.list,2022-04-04 10:22:06.271058,f1e3a7a99a845306d2d0d603
0ce81542fd694d25bc09d424a24dbf97.fp.measure.office.com,AVAILABILITY,domains.list,domains.list,2022-04-04 10:22:08.798118,f1e3a7a99a845306d2d0d603
0d185c7ff8a968b6fa50e6ff98b119d6.safeframe.googlesyndication.com,AVAILABILITY,domains.list,domains.list,2022-04-04 10:22:09.240426,f1e3a7a99a845306d2d0d603
0d2ed5e2baa84213b0e06884a135ec64.fp.measure.office.com,AVAILABILITY,domains.list,domains.list,2022-04-04 10:22:12.475624,f1e3a7a99a845306d2d0d603
0d351b118f084fce939ba40ac570c079.fp.measure.office.com,AVAILABILITY,domains.list,domains.list,2022-04-04 10:22:14.584655,f1e3a7a99a845306d2d0d603
0d7292.r.axf8.net,AVAILABILITY,domains.list,domains.list,2022-04-04 10:22:15.220438,f1e3a7a99a845306d2d0d603
0d79ed.r.axf8.net,AVAILABILITY,domains.list,domains.list,2022-04-04 10:22:15.797073,f1e3a7a99a845306d2d0d603
0daeea7a66fb49c090ac7e136666591b.fp.measure.office.com,AVAILABILITY,domains.list,domains.list,2022-04-04 10:22:16.921722,f1e3a7a99a845306d2d0d603
0dax.com,AVAILABILITY,domains.list,domains.list,2022-04-04 10:22:17.729871,f1e3a7a99a845306d2d0d603
0de4b1be285246368d4024d9b28c78aa.fp.measure.office.com,AVAILABILITY,domains.list,domains.list,2022-04-04 10:22:20.062297,f1e3a7a99a845306d2d0d603
0e415bd24d0641ea925ca82afc4393ea.fp.measure.office.com,AVAILABILITY,domains.list,domains.list,2022-04-04 10:22:22.570921,f1e3a7a99a845306d2d0d603
0e6c2ce6a3a1420ba4713fefd6dc38ff.fp.measure.office.com,AVAILABILITY,domains.list,domains.list,2022-04-04 10:22:25.645307,f1e3a7a99a845306d2d0d603
0eb71712895d410caf9c1ded22ea9656.fp.measure.office.com,AVAILABILITY,domains.list,domains.list,2022-04-04 10:22:28.108676,f1e3a7a99a845306d2d0d603
0efb7d5e433e4d67b201e6b01b8a2fd8.fp.measure.office.com,AVAILABILITY,domains.list,domains.list,2022-04-04 10:22:30.005304,f1e3a7a99a845306d2d0d603
0f36f3.r.axf8.net,AVAILABILITY,domains.list,domains.list,2022-04-04 10:22:30.638707,f1e3a7a99a845306d2d0d603
0f482be8a2134e2892144183092604a8.fp.measure.office.com,AVAILABILITY,domains.list,domains.list,2022-04-04 10:22:33.498680,f1e3a7a99a845306d2d0d603
0iecfobt.com,AVAILABILITY,domains.list,domains.list,2022-04-04 10:22:34.635406,f1e3a7a99a845306d2d0d603
0koryu0.easter.ne.jp,AVAILABILITY,domains.list,domains.list,2022-04-04 10:22:35.361476,f1e3a7a99a845306d2d0d603
0latfee.ero-advertising.com,AVAILABILITY,domains.list,domains.list,2022-04-04 10:22:35.909532,f1e3a7a99a845306d2d0d603
0lovespells0.blogspot.com,AVAILABILITY,domains.list,domains.list,2022-04-04 10:22:36.940947,f1e3a7a99a845306d2d0d603
0m3.ru,AVAILABILITY,domains.list,domains.list,2022-04-04 10:22:49.075096,f1e3a7a99a845306d2d0d603
0m4.ru,AVAILABILITY,domains.list,domains.list,2022-04-04 10:22:51.766908,f1e3a7a99a845306d2d0d603
0n-line.tv,AVAILABILITY,domains.list,domains.list,2022-04-04 10:22:52.361116,f1e3a7a99a845306d2d0d603
0nn.info,AVAILABILITY,domains.list,domains.list,2022-04-04 10:22:52.979588,f1e3a7a99a845306d2d0d603
0ping.info,AVAILABILITY,domains.list,domains.list,2022-04-04 10:22:53.545237,f1e3a7a99a845306d2d0d603
0pn.ru,AVAILABILITY,domains.list,domains.list,2022-04-04 10:23:06.245624,f1e3a7a99a845306d2d0d603
0pros.com,AVAILABILITY,domains.list,domains.list,2022-04-04 10:23:07.727388,f1e3a7a99a845306d2d0d603
0q2.sitey.me,AVAILABILITY,domains.list,domains.list,2022-04-04 10:23:09.890555,f1e3a7a99a845306d2d0d603
0qizz.super-promo.hoxo.info,AVAILABILITY,domains.list,domains.list,2022-04-04 10:23:10.561652,f1e3a7a99a845306d2d0d603
0stats.com,AVAILABILITY,domains.list,domains.list,2022-04-04 10:23:11.277886,f1e3a7a99a845306d2d0d603
0to.info,AVAILABILITY,domains.list,domains.list,2022-04-04 10:23:12.063901,f1e3a7a99a845306d2d0d603
0x1f4b0.com,AVAILABILITY,domains.list,domains.list,2022-04-04 10:23:12.700592,f1e3a7a99a845306d2d0d603
1-2fly-befragung.de,AVAILABILITY,domains.list,domains.list,2022-04-04 10:23:13.297420,f1e3a7a99a845306d2d0d603
1-800onlinecasino.com,AVAILABILITY,domains.list,domains.list,2022-04-04 10:23:14.265712,f1e3a7a99a845306d2d0d603
1-free-share-buttons.com,AVAILABILITY,domains.list,domains.list,2022-04-04 10:23:14.929633,f1e3a7a99a845306d2d0d603
1-pregnant-sex.com,AVAILABILITY,domains.list,domains.list,2022-04-04 10:23:15.575637,f1e3a7a99a845306d2d0d603
1-sexy.com,AVAILABILITY,domains.list,domains.list,2022-04-04 10:23:16.554025,f1e3a7a99a845306d2d0d603
1.114central.com,AVAILABILITY,domains.list,domains.list,2022-04-04 10:23:17.493469,f1e3a7a99a845306d2d0d603
1.adbrite.com,AVAILABILITY,domains.list,domains.list,2022-04-04 10:23:18.350947,f1e3a7a99a845306d2d0d603
1.allyes.com.cn,AVAILABILITY,domains.list,domains.list,2022-04-04 10:23:34.596563,f1e3a7a99a845306d2d0d603
1.cpm.ak-is.net,AVAILABILITY,domains.list,domains.list,2022-04-04 10:23:35.612056,f1e3a7a99a845306d2d0d603
1.forgetstore.com,AVAILABILITY,domains.list,domains.list,2022-04-04 10:23:36.317268,f1e3a7a99a845306d2d0d603
1.googlenews.xorg.pl,AVAILABILITY,domains.list,domains.list,2022-04-04 10:23:39.019809,f1e3a7a99a845306d2d0d603
1.hidemyass.com,AVAILABILITY,domains.list,domains.list,2022-04-04 10:23:40.491514,f1e3a7a99a845306d2d0d603
1.httpads.com,AVAILABILITY,domains.list,domains.list,2022-04-04 10:23:41.327408,f1e3a7a99a845306d2d0d603
1.ofsnetwork.com,AVAILABILITY,domains.list,domains.list,2022-04-04 10:23:42.298904,f1e3a7a99a845306d2d0d603
1.primaryads.com,AVAILABILITY,domains.list,domains.list,2022-04-04 10:23:43.423603,f1e3a7a99a845306d2d0d603
1.tl813.com,AVAILABILITY,domains.list,domains.list,2022-04-04 10:23:44.614008,f1e3a7a99a845306d2d0d603
10-euro-golf.de,AVAILABILITY,domains.list,domains.list,2022-04-04 10:23:46.232015,f1e3a7a99a845306d2d0d603
10.170.0.11.corp.returnpath.net,AVAILABILITY,domains.list,domains.list,2022-04-04 10:23:47.093548,f1e3a7a99a845306d2d0d603
10.im.cz,AVAILABILITY,domains.list,domains.list,2022-04-04 10:23:48.790066,f1e3a7a99a845306d2d0d603
10.proxy.us-east-1.world.rw.yieldmo.com,AVAILABILITY,domains.list,domains.list,2022-04-04 10:23:49.191950,f1e3a7a99a845306d2d0d603
100.1qingdao.com,AVAILABILITY,domains.list,domains.list,2022-04-04 10:24:00.260990,f1e3a7a99a845306d2d0d603
10000hai.com,AVAILABILITY,domains.list,domains.list,2022-04-04 10:24:01.603372,f1e3a7a99a845306d2d0d603
10000verges.free.fr,AVAILABILITY,domains.list,domains.list,2022-04-04 10:24:03.160972,f1e3a7a99a845306d2d0d603
10003829.fls.doubleclick.net,AVAILABILITY,domains.list,domains.list,2022-04-04 10:24:03.641756,f1e3a7a99a845306d2d0d603
10006.hittail.com,AVAILABILITY,domains.list,domains.list,2022-04-04 10:24:04.679186,f1e3a7a99a845306d2d0d603
100065.hittail.com,AVAILABILITY,domains.list,domains.list,2022-04-04 10:24:05.645387,f1e3a7a99a845306d2d0d603
1000bannerx.free.fr,AVAILABILITY,domains.list,domains.list,2022-04-04 10:24:06.978439,f1e3a7a99a845306d2d0d603
1000cumshots.com,AVAILABILITY,domains.list,domains.list,2022-04-04 10:24:07.884736,f1e3a7a99a845306d2d0d603
1000lashes.com,AVAILABILITY,domains.list,domains.list,2022-04-04 10:24:13.722397,f1e3a7a99a845306d2d0d603
1000ps.oewabox.at,AVAILABILITY,domains.list,domains.list,2022-04-04 10:24:15.033286,f1e3a7a99a845306d2d0d603
1000russianwomen.com,AVAILABILITY,domains.list,domains.list,2022-04-04 10:24:27.516512,f1e3a7a99a845306d2d0d603
1000websporno.com,AVAILABILITY,domains.list,domains.list,2022-04-04 10:24:28.267262,f1e3a7a99a845306d2d0d603
1001lingerie.com,AVAILABILITY,domains.list,domains.list,2022-04-04 10:24:29.012930,f1e3a7a99a845306d2d0d603
1001movies.com,AVAILABILITY,domains.list,domains.list,2022-04-04 10:24:31.765105,f1e3a7a99a845306d2d0d603
1001seksfilmpjes.nl,AVAILABILITY,domains.list,domains.list,2022-04-04 10:24:32.947048,f1e3a7a99a845306d2d0d603
100dollars-seo.com,AVAILABILITY,domains.list,domains.list,2022-04-04 10:24:33.506133,f1e3a7a99a845306d2d0d603
100filles.free.fr,AVAILABILITY,domains.list,domains.list,2022-04-04 10:24:35.000087,f1e3a7a99a845306d2d0d603
100percentfedup.com,AVAILABILITY,domains.list,domains.list,2022-04-04 10:24:36.537580,f1e3a7a99a845306d2d0d603
100pornstars.com,AVAILABILITY,domains.list,domains.list,2022-04-04 10:24:39.264858,f1e3a7a99a845306d2d0d603
100shemales.com,AVAILABILITY,domains.list,domains.list,2022-04-04 10:24:40.151206,f1e3a7a99a845306d2d0d603
100webads.com,AVAILABILITY,domains.list,domains.list,2022-04-04 10:24:41.248325,f1e3a7a99a845306d2d0d603
10168.hittail.com,AVAILABILITY,domains.list,domains.list,2022-04-04 10:24:42.201031,f1e3a7a99a845306d2d0d603
1018d7.r.axf8.net,AVAILABILITY,domains.list,domains.list,2022-04-04 10:24:42.905394,f1e3a7a99a845306d2d0d603
101billion.com,AVAILABILITY,domains.list,domains.list,2022-04-04 10:24:44.520916,f1e3a7a99a845306d2d0d603
101cities.se,AVAILABILITY,domains.list,domains.list,2022-04-04 10:24:45.689203,f1e3a7a99a845306d2d0d603
101com.com,AVAILABILITY,domains.list,domains.list,2022-04-04 10:24:56.380870,f1e3a7a99a845306d2d0d603
101flag.ru,AVAILABILITY,domains.list,domains.list,2022-04-04 10:24:57.972099,f1e3a7a99a845306d2d0d603
101gals.com,AVAILABILITY,domains.list,domains.list,2022-04-04 10:24:58.950239,f1e3a7a99a845306d2d0d603
101lesbian.xyz,AVAILABILITY,domains.list,domains.list,2022-04-04 10:24:59.770669,f1e3a7a99a845306d2d0d603
101malls.com,AVAILABILITY,domains.list,domains.list,2022-04-04 10:25:10.830487,f1e3a7a99a845306d2d0d603
101order.com,AVAILABILITY,domains.list,domains.list,2022-04-04 10:25:21.501340,f1e3a7a99a845306d2d0d603
101raccoon.ru,AVAILABILITY,domains.list,domains.list,2022-04-04 10:25:22.741993,f1e3a7a99a845306d2d0d603
101satcom.com,AVAILABILITY,domains.list,domains.list,2022-04-04 10:25:23.885262,f1e3a7a99a845306d2d0d603
102.112.207.net,AVAILABILITY,domains.list,domains.list,2022-04-04 10:25:24.681852,f1e3a7a99a845306d2d0d603
102.112.2o7.net,AVAILABILITY,domains.list,domains.list,2022-04-04 10:25:25.382530,f1e3a7a99a845306d2d0d603
102.122.2o7.net,AVAILABILITY,domains.list,domains.list,2022-04-04 10:25:26.040527,f1e3a7a99a845306d2d0d603
102106151057.c.mystat-in.net,AVAILABILITY,domains.list,domains.list,2022-04-04 10:25:27.025528,f1e3a7a99a845306d2d0d603
103.hosting-5.xtream.co.il,AVAILABILITY,domains.list,domains.list,2022-04-04 10:26:27.370432,f1e3a7a99a845306d2d0d603
103532.hittail.com,AVAILABILITY,domains.list,domains.list,2022-04-04 10:26:28.365198,f1e3a7a99a845306d2d0d603
10394-127.ampxchange.com,AVAILABILITY,domains.list,domains.list,2022-04-04 10:26:30.021247,f1e3a7a99a845306d2d0d603
10394-2468.ampxchange.com,AVAILABILITY,domains.list,domains.list,2022-04-04 10:26:31.376959,f1e3a7a99a845306d2d0d603
10394-4254.ampxchange.com,AVAILABILITY,domains.list,domains.list,2022-04-04 10:26:32.588071,f1e3a7a99a845306d2d0d603
10422622.fls.doubleclick.net,AVAILABILITY,domains.list,domains.list,2022-04-04 10:26:33.202268,f1e3a7a99a845306d2d0d603
104231.dtiblog.com,AVAILABILITY,domains.list,domains.list,2022-04-04 10:26:34.624437,f1e3a7a99a845306d2d0d603
10466869.fls.doubleclick.net,AVAILABILITY,domains.list,domains.list,2022-04-04 10:26:35.019135,f1e3a7a99a845306d2d0d603
1059682f71f54029b5d477fa8aebe99b.fp.measure.office.com,AVAILABILITY,domains.list,domains.list,2022-04-04 10:26:39.067339,f1e3a7a99a845306d2d0d603
105vibe.com,AVAILABILITY,domains.list,domains.list,2022-04-04 10:26:49.874741,f1e3a7a99a845306d2d0d603
106242.hittail.com,AVAILABILITY,domains.list,domains.list,2022-04-04 10:26:50.880957,f1e3a7a99a845306d2d0d603
10663044f47c469090fff4f79c1cded0.fp.measure.office.com,AVAILABILITY,domains.list,domains.list,2022-04-04 10:26:53.137766,f1e3a7a99a845306d2d0d603
108411.hittail.com,AVAILABILITY,domains.list,domains.list,2022-04-04 10:26:54.141964,f1e3a7a99a845306d2d0d603
108shot.com,AVAILABILITY,domains.list,domains.list,2022-04-04 10:26:55.917264,f1e3a7a99a845306d2d0d603
109-204-26-16.netconnexion.managedbroadband.co.uk,AVAILABILITY,domains.list,domains.list,2022-04-04 10:26:56.576876,f1e3a7a99a845306d2d0d603
1097834592.rsc.cdn77.org,AVAILABILITY,domains.list,domains.list,2022-04-04 10:26:57.938182,f1e3a7a99a845306d2d0d603
10best.us.intellitxt.com,AVAILABILITY,domains.list,domains.list,2022-04-04 10:26:58.926504,f1e3a7a99a845306d2d0d603
10bet.com,AVAILABILITY,domains.list,domains.list,2022-04-04 10:27:01.535889,f1e3a7a99a845306d2d0d603
10c9e41714da4d99a6fb900248f1fbcf.fp.measure.office.com,AVAILABILITY,domains.list,domains.list,2022-04-04 10:27:04.059984,f1e3a7a99a845306d2d0d603
10fbb07a4b0.se,AVAILABILITY,domains.list,domains.list,2022-04-04 10:27:05.252488,f1e3a7a99a845306d2d0d603
10ff63712142dfb30467639f1a65c062.fp.measure.office.com,AVAILABILITY,domains.list,domains.list,2022-04-04 10:27:08.052843,f1e3a7a99a845306d2d0d603
10gb.6ka.info,AVAILABILITY,domains.list,domains.list,2022-04-04 10:27:08.861669,f1e3a7a99a845306d2d0d603
10luxury39.com,AVAILABILITY,domains.list,domains.list,2022-04-04 10:27:09.620578,f1e3a7a99a845306d2d0d603
10pg.scl5fyd.info,AVAILABILITY,domains.list,domains.list,2022-04-04 10:27:10.319515,f1e3a7a99a845306d2d0d603
10presidentesparavoce.com.br,AVAILABILITY,domains.list,domains.list,2022-04-04 10:27:12.398575,f1e3a7a99a845306d2d0d603
10xhellometro.112.2o7.net,AVAILABILITY,domains.list,domains.list,2022-04-04 10:27:13.036177,f1e3a7a99a845306d2d0d603
11-15.net,AVAILABILITY,domains.list,domains.list,2022-04-04 10:27:13.631393,f1e3a7a99a845306d2d0d603
11.lamarianella.info,AVAILABILITY,domains.list,domains.list,2022-04-04 10:27:14.940601,f1e3a7a99a845306d2d0d603
1105governmentinformationgroup.122.2o7.net,AVAILABILITY,domains.list,domains.list,2022-04-04 10:27:15.578604,f1e3a7a99a845306d2d0d603
1112c5b5c675413aa53d7aaa1f57ba97.fp.measure.office.com,AVAILABILITY,domains.list,domains.list,2022-04-04 10:27:15.958266,f1e3a7a99a845306d2d0d603
11163221-517901.c.adprotect.net,AVAILABILITY,domains.list,domains.list,2022-04-04 10:27:16.666379,f1e3a7a99a845306d2d0d603
11164531-19021001.c2.adprotect.net,AVAILABILITY,domains.list,domains.list,2022-04-04 10:27:17.217766,f1e3a7a99a845306d2d0d603
11165583-40348.id2.clickprotects.com,AVAILABILITY,domains.list,domains.list,2022-04-04 10:27:17.819581,f1e3a7a99a845306d2d0d603
1116ed14c02141ae834b3d76cba425eb.fp.measure.office.com,AVAILABILITY,domains.list,domains.list,2022-04-04 10:27:19.540846,f1e3a7a99a845306d2d0d603
112-tzm-766.mktoresp.com,AVAILABILITY,domains.list,domains.list,2022-04-04 10:27:20.052808,f1e3a7a99a845306d2d0d603
112.2o7.net,AVAILABILITY,domains.list,domains.list,2022-04-04 10:27:20.677674,f1e3a7a99a845306d2d0d603
112006133326.c.mystat-in.net,AVAILABILITY,domains.list,domains.list,2022-04-04 10:27:21.476729,f1e3a7a99a845306d2d0d603
11235813.webzdarma.cz,AVAILABILITY,domains.list,domains.list,2022-04-04 10:27:22.913425,f1e3a7a99a845306d2d0d603
11398.onceedge.ru,AVAILABILITY,domains.list,domains.list,2022-04-04 10:27:23.877543,f1e3a7a99a845306d2d0d603
1170.xml.adx1.com,AVAILABILITY,domains.list,domains.list,2022-04-04 10:27:25.340738,f1e3a7a99a845306d2d0d603
1173.xml.adx1.com,AVAILABILITY,domains.list,domains.list,2022-04-04 10:27:26.580073,f1e3a7a99a845306d2d0d603
1185a9f79d1e2c413a17c820ec55bed8.fp.measure.office.com,AVAILABILITY,domains.list,domains.list,2022-04-04 10:27:29.070761,f1e3a7a99a845306d2d0d603
118605-5437.link.iwanttodeliver.com,AVAILABILITY,domains.list,domains.list,2022-04-04 10:27:29.683255,f1e3a7a99a845306d2d0d603
1199dc15b5404e9d8073e008a43f0e48.fp.measure.office.com,AVAILABILITY,domains.list,domains.list,2022-04-04 10:27:31.094728,f1e3a7a99a845306d2d0d603
11a51fdd461e41f78f093daa67a0929d.fp.measure.office.com,AVAILABILITY,domains.list,domains.list,2022-04-04 10:27:32.732662,f1e3a7a99a845306d2d0d603
11d76a9ff4b84959acff9793d0f2f6b2.fp.measure.office.com,AVAILABILITY,domains.list,domains.list,2022-04-04 10:27:35.574921,f1e3a7a99a845306d2d0d603
11hour.com,AVAILABILITY,domains.list,domains.list,2022-04-04 10:27:36.974006,f1e3a7a99a845306d2d0d603
11pikachu.ru,AVAILABILITY,domains.list,domains.list,2022-04-04 10:27:38.699097,f1e3a7a99a845306d2d0d603
11zz.com,AVAILABILITY,domains.list,domains.list,2022-04-04 10:27:39.851118,f1e3a7a99a845306d2d0d603
12.170.116.68,AVAILABILITY,domains.list,domains.list,2022-04-04 10:27:50.088750,f1e3a7a99a845306d2d0d603
12.com,AVAILABILITY,domains.list,domains.list,2022-04-04 10:27:51.069463,f1e3a7a99a845306d2d0d603
121807150325.c.mystat-in.net,AVAILABILITY,domains.list,domains.list,2022-04-04 10:27:51.918874,f1e3a7a99a845306d2d0d603
121eddea77be4b128f562894c78ebb7e.fp.measure.office.com,AVAILABILITY,domains.list,domains.list,2022-04-04 10:27:53.265666,f1e3a7a99a845306d2d0d603
121media.com,AVAILABILITY,domains.list,domains.list,2022-04-04 10:27:55.687994,f1e3a7a99a845306d2d0d603
121phonesex.co.uk,AVAILABILITY,domains.list,domains.list,2022-04-04 10:27:58.761713,f1e3a7a99a845306d2d0d603
122.2o7.net,AVAILABILITY,domains.list,domains.list,2022-04-04 10:27:59.491588,f1e3a7a99a845306d2d0d603
122533fe3a93b89ca27be8b5b57f38c4.fp.measure.office.com,AVAILABILITY,domains.list,domains.list,2022-04-04 10:28:01.687634,f1e3a7a99a845306d2d0d603
122907224924.c.mystat-in.net,AVAILABILITY,domains.list,domains.list,2022-04-04 10:28:02.502412,f1e3a7a99a845306d2d0d603
122d58c353244d319f194b94d119965d.fp.measure.office.com,AVAILABILITY,domains.list,domains.list,2022-04-04 10:28:05.169466,f1e3a7a99a845306d2d0d603
123-tracker.com,AVAILABILITY,domains.list,domains.list,2022-04-04 10:28:05.977010,f1e3a7a99a845306d2d0d603
123.fluxads.com,AVAILABILITY,domains.list,domains.list,2022-04-04 10:28:07.058943,f1e3a7a99a845306d2d0d603
123.ichkoche.at,AVAILABILITY,domains.list,domains.list,2022-04-04 10:28:10.326962,f1e3a7a99a845306d2d0d603
123any.com,AVAILABILITY,domains.list,domains.list,2022-04-04 10:28:15.968809,f1e3a7a99a845306d2d0d603
123boy.free.fr,AVAILABILITY,domains.list,domains.list,2022-04-04 10:28:17.615751,f1e3a7a99a845306d2d0d603
123branlemoi.free.fr,AVAILABILITY,domains.list,domains.list,2022-04-04 10:28:19.083603,f1e3a7a99a845306d2d0d603
123cha.com,AVAILABILITY,domains.list,domains.list,2022-04-04 10:28:21.686340,f1e3a7a99a845306d2d0d603
123count.com,AVAILABILITY,domains.list,domains.list,2022-04-04 10:28:22.357518,f1e3a7a99a845306d2d0d603
123counter.mycomputer.com,AVAILABILITY,domains.list,domains.list,2022-04-04 10:28:23.480399,f1e3a7a99a845306d2d0d603
123counter.superstats.com,AVAILABILITY,domains.list,domains.list,2022-04-04 10:28:24.594375,f1e3a7a99a845306d2d0d603
123ero.nl,AVAILABILITY,domains.list,domains.list,2022-04-04 10:28:26.861362,f1e3a7a99a845306d2d0d603
123freeavatars.com,AVAILABILITY,domains.list,domains.list,2022-04-04 10:28:28.294602,f1e3a7a99a845306d2d0d603
123go.com,AVAILABILITY,domains.list,domains.list,2022-04-04 10:28:39.292664,f1e3a7a99a845306d2d0d603
123greetings.com,AVAILABILITY,domains.list,domains.list,2022-04-04 10:28:40.371597,f1e3a7a99a845306d2d0d603
123kia.free.fr,AVAILABILITY,domains.list,domains.list,2022-04-04 10:28:41.877536,f1e3a7a99a845306d2d0d603
123kuma.com,AVAILABILITY,domains.list,domains.list,2022-04-04 10:28:43.111425,f1e3a7a99a845306d2d0d603
123laceypink.com,AVAILABILITY,domains.list,domains.list,2022-04-04 10:28:44.104638,f1e3a7a99a845306d2d0d603
123latina.free.fr,AVAILABILITY,domains.list,domains.list,2022-04-04 10:28:45.618614,f1e3a7a99a845306d2d0d603
123locker.com,AVAILABILITY,domains.list,domains.list,2022-04-04 10:28:46.438642,f1e3a7a99a845306d2d0d603
123plays.com,AVAILABILITY,domains.list,domains.list,2022-04-04 10:28:47.974702,f1e3a7a99a845306d2d0d603
123sex.biz,AVAILABILITY,domains.list,domains.list,2022-04-04 10:28:48.610906,f1e3a7a99a845306d2d0d603
123sex.org,AVAILABILITY,domains.list,domains.list,2022-04-04 10:28:53.344826,f1e3a7a99a845306d2d0d603
123specialgifts.com,AVAILABILITY,domains.list,domains.list,2022-04-04 10:28:54.087343,f1e3a7a99a845306d2d0d603
123stat.com,AVAILABILITY,domains.list,domains.list,2022-04-04 10:28:54.813391,f1e3a7a99a845306d2d0d603
124a0a27fece4f3daa03df5e9e5207d4.fp.measure.office.com,AVAILABILITY,domains.list,domains.list,2022-04-04 10:28:55.341106,f1e3a7a99a845306d2d0d603
1262.hittail.com,AVAILABILITY,domains.list,domains.list,2022-04-04 10:28:56.345830,f1e3a7a99a845306d2d0d603
1262c7f22a0543e8a18ce7dda294fc79.fp.measure.office.com,AVAILABILITY,domains.list,domains.list,2022-04-04 10:28:59.024392,f1e3a7a99a845306d2d0d603
1274.mediatraffic.com,AVAILABILITY,domains.list,domains.list,2022-04-04 10:28:59.817359,f1e3a7a99a845306d2d0d603
1278725189.pub.ezanga.com,AVAILABILITY,domains.list,domains.list,2022-04-04 10:29:00.619182,f1e3a7a99a845306d2d0d603
12877.hittail.com,AVAILABILITY,domains.list,domains.list,2022-04-04 10:29:01.670905,f1e3a7a99a845306d2d0d603
12b3d8248680b75a5e00db1c74621441.fp.measure.office.com,AVAILABILITY,domains.list,domains.list,2022-04-04 10:29:04.069864,f1e3a7a99a845306d2d0d603
12bet.com,AVAILABILITY,domains.list,domains.list,2022-04-04 10:29:07.121216,f1e3a7a99a845306d2d0d603
12cams.be,AVAILABILITY,domains.list,domains.list,2022-04-04 10:29:10.955744,f1e3a7a99a845306d2d0d603
12masterov.com,AVAILABILITY,domains.list,domains.list,2022-04-04 10:29:17.721134,f1e3a7a99a845306d2d0d603
12month.loan,AVAILABILITY,domains.list,domains.list,2022-04-04 10:29:19.120656,f1e3a7a99a845306d2d0d603
12research.com,AVAILABILITY,domains.list,domains.list,2022-04-04 10:29:22.929616,f1e3a7a99a845306d2d0d603
12u.info,AVAILABILITY,domains.list,domains.list,2022-04-04 10:29:23.672716,f1e3a7a99a845306d2d0d603
12xhardcore.com,AVAILABILITY,domains.list,domains.list,2022-04-04 10:29:25.285826,f1e3a7a99a845306d2d0d603
13123fcfbffa4e00851889fb9feefacd.fp.measure.office.com,AVAILABILITY,domains.list,domains.list,2022-04-04 10:29:25.653267,f1e3a7a99a845306d2d0d603
1313b770bd234bb8bba981b1f30b5ab9.fp.measure.office.com,AVAILABILITY,domains.list,domains.list,2022-04-04 10:29:28.825805,f1e3a7a99a845306d2d0d603
13146.engine.mobileapptracking.com,AVAILABILITY,domains.list,domains.list,2022-04-04 10:29:30.147551,f1e3a7a99a845306d2d0d603
1314dh.com,AVAILABILITY,domains.list,domains.list,2022-04-04 10:29:32.100508,f1e3a7a99a845306d2d0d603
1319.de,AVAILABILITY,domains.list,domains.list,2022-04-04 10:29:35.578470,f1e3a7a99a845306d2d0d603
13223.hittail.com,AVAILABILITY,domains.list,domains.list,2022-04-04 10:29:37.012880,f1e3a7a99a845306d2d0d603
1330b77702a74c5683d06cbe85f06925.fp.measure.office.com,AVAILABILITY,domains.list,domains.list,2022-04-04 10:29:39.881615,f1e3a7a99a845306d2d0d603
1337bid.com,AVAILABILITY,domains.list,domains.list,2022-04-04 10:29:40.621536,f1e3a7a99a845306d2d0d603
1337crew.info,AVAILABILITY,domains.list,domains.list,2022-04-04 10:29:41.243179,f1e3a7a99a845306d2d0d603
13453765871837679316.googlegroups.com,AVAILABILITY,domains.list,domains.list,2022-04-04 10:29:43.208006,f1e3a7a99a845306d2d0d603
136241ae1bc34d67ac0afd4b156215d8.fp.measure.office.com,AVAILABILITY,domains.list,domains.list,2022-04-04 10:29:45.514941,f1e3a7a99a845306d2d0d603
13710b41e4c45105ff9f23c37d2abcf8.fp.measure.office.com,AVAILABILITY,domains.list,domains.list,2022-04-04 10:29:48.359676,f1e3a7a99a845306d2d0d603
1374a6076f1549ff8833c5711ef8b32a.fp.measure.office.com,AVAILABILITY,domains.list,domains.list,2022-04-04 10:29:49.358158,f1e3a7a99a845306d2d0d603
137f153503f04224ab59825d6fae1640.fp.measure.office.com,AVAILABILITY,domains.list,domains.list,2022-04-04 10:29:52.196836,f1e3a7a99a845306d2d0d603
138.com,AVAILABILITY,domains.list,domains.list,2022-04-04 10:29:52.845270,f1e3a7a99a845306d2d0d603
138shenbosbo.com,AVAILABILITY,domains.list,domains.list,2022-04-04 10:29:53.543194,f1e3a7a99a845306d2d0d603
13cc92ad8945412e8014d40974ca6696.fp.measure.office.com,AVAILABILITY,domains.list,domains.list,2022-04-04 10:29:56.015784,f1e3a7a99a845306d2d0d603
13tabs.com,AVAILABILITY,domains.list,domains.list,2022-04-04 10:29:57.057263,f1e3a7a99a845306d2d0d603
14228.hittail.com,AVAILABILITY,domains.list,domains.list,2022-04-04 10:29:58.306529,f1e3a7a99a845306d2d0d603
14349bc1168b4261a5a10860b71ef045.fp.measure.office.com,AVAILABILITY,domains.list,domains.list,2022-04-04 10:30:00.998945,f1e3a7a99a845306d2d0d603
1435575.fls.doubleclick.net,AVAILABILITY,domains.list,domains.list,2022-04-04 10:30:01.989261,f1e3a7a99a845306d2d0d603
145-ct.c3tag.com,AVAILABILITY,domains.list,domains.list,2022-04-04 10:30:02.877231,f1e3a7a99a845306d2d0d603
145639-4902.link.iwanttodeliver.com,AVAILABILITY,domains.list,domains.list,2022-04-04 10:30:03.541254,f1e3a7a99a845306d2d0d603
145802712a5140bfb53c9de137bed26c.fp.measure.office.com,AVAILABILITY,domains.list,domains.list,2022-04-04 10:30:05.904615,f1e3a7a99a845306d2d0d603
14713804a.l2m.net,AVAILABILITY,domains.list,domains.list,2022-04-04 10:30:16.654916,f1e3a7a99a845306d2d0d603
148.xg4ken.com,AVAILABILITY,domains.list,domains.list,2022-04-04 10:30:17.492653,f1e3a7a99a845306d2d0d603
1480876790.rsc.cdn77.org,AVAILABILITY,domains.list,domains.list,2022-04-04 10:30:18.511539,f1e3a7a99a845306d2d0d603
1493361689.rsc.cdn77.org,AVAILABILITY,domains.list,domains.list,2022-04-04 10:30:19.345776,f1e3a7a99a845306d2d0d603
14b.info,AVAILABILITY,domains.list,domains.list,2022-04-04 10:30:21.944542,f1e3a7a99a845306d2d0d603
14b25fb50f43b5eaed600280a1089090.fp.measure.office.com,AVAILABILITY,domains.list,domains.list,2022-04-04 10:30:24.686799,f1e3a7a99a845306d2d0d603
14teen.com,AVAILABILITY,domains.list,domains.list,2022-04-04 10:30:25.633763,f1e3a7a99a845306d2d0d603
15.basebanner.com,AVAILABILITY,domains.list,domains.list,2022-04-04 10:30:26.274210,f1e3a7a99a845306d2d0d603
15.taboola.com,AVAILABILITY,domains.list,domains.list,2022-04-04 10:30:26.879510,f1e3a7a99a845306d2d0d603
15141.hittail.com,AVAILABILITY,domains.list,domains.list,2022-04-04 10:30:28.180801,f1e3a7a99a845306d2d0d603
1559.stats.misstrends.com,AVAILABILITY,domains.list,domains.list,2022-04-04 10:30:29.548398,f1e3a7a99a845306d2d0d603
156002.com,AVAILABILITY,domains.list,domains.list,2022-04-04 10:30:30.753825,f1e3a7a99a845306d2d0d603
15628.hittail.com,AVAILABILITY,domains.list,domains.list,2022-04-04 10:30:31.673277,f1e3a7a99a845306d2d0d603
15694.hittail.com,AVAILABILITY,domains.list,domains.list,2022-04-04 10:30:32.726059,f1e3a7a99a845306d2d0d603
15b37.skroc.pl,AVAILABILITY,domains.list,domains.list,2022-04-04 10:30:35.110039,f1e3a7a99a845306d2d0d603
15bb51.info,AVAILABILITY,domains.list,domains.list,2022-04-04 10:30:35.913490,f1e3a7a99a845306d2d0d603
15minadlt.hit.gemius.pl,AVAILABILITY,domains.list,domains.list,2022-04-04 10:30:37.470812,f1e3a7a99a845306d2d0d603
15x.info,AVAILABILITY,domains.list,domains.list,2022-04-04 10:30:38.192124,f1e3a7a99a845306d2d0d603
16135212b1da449ea5c0a06fe0b3ca2e.fp.measure.office.com,AVAILABILITY,domains.list,domains.list,2022-04-04 10:30:39.222693,f1e3a7a99a845306d2d0d603
164.109.51.67,AVAILABILITY,domains.list,domains.list,2022-04-04 10:30:50.618675,f1e3a7a99a845306d2d0d603
16565.hittail.com,AVAILABILITY,domains.list,domains.list,2022-04-04 10:30:51.575956,f1e3a7a99a845306d2d0d603
165a7.v.fwmrm.net,AVAILABILITY,domains.list,domains.list,2022-04-04 10:30:51.925439,f1e3a7a99a845306d2d0d603
166f.com,AVAILABILITY,domains.list,domains.list,2022-04-04 10:30:52.722921,f1e3a7a99a845306d2d0d603
1670a4e204c2472d96dd47ba98ffae0a.fp.measure.office.com,AVAILABILITY,domains.list,domains.list,2022-04-04 10:30:55.015567,f1e3a7a99a845306d2d0d603
169478f77aa4497da90c8412cedad12d.fp.measure.office.com,AVAILABILITY,domains.list,domains.list,2022-04-04 10:30:56.419085,f1e3a7a99a845306d2d0d603
16aq.cn,AVAILABILITY,domains.list,domains.list,2022-04-04 10:30:57.468036,f1e3a7a99a845306d2d0d603
16b9fc99ec5d48d19a6cdaa77aa50637.fp.measure.office.com,AVAILABILITY,domains.list,domains.list,2022-04-04 10:31:00.577586,f1e3a7a99a845306d2d0d603
17003124.xyz,AVAILABILITY,domains.list,domains.list,2022-04-04 10:31:01.316049,f1e3a7a99a845306d2d0d603
175ccddd7ec9491493949d1fe469d3a1.fp.measure.office.com,AVAILABILITY,domains.list,domains.list,2022-04-04 10:31:03.865946,f1e3a7a99a845306d2d0d603
175storis.com,AVAILABILITY,domains.list,domains.list,2022-04-04 10:31:05.151686,f1e3a7a99a845306d2d0d603
178evakuator178.ru,AVAILABILITY,domains.list,domains.list,2022-04-04 10:31:06.529998,f1e3a7a99a845306d2d0d603
17990.vicp.net,AVAILABILITY,domains.list,domains.list,2022-04-04 10:31:09.434882,f1e3a7a99a845306d2d0d603
17b153626ffd4bd6873c51bf057e2123.fp.measure.office.com,AVAILABILITY,domains.list,domains.list,2022-04-04 10:31:12.549162,f1e3a7a99a845306d2d0d603
17chezhan.com,AVAILABILITY,domains.list,domains.list,2022-04-04 10:31:14.559860,f1e3a7a99a845306d2d0d603
17ffb1f5415e47509f87ec26c112161f.fp.measure.office.com,AVAILABILITY,domains.list,domains.list,2022-04-04 10:31:18.184143,f1e3a7a99a845306d2d0d603
17updatechwe150218.ru,AVAILABILITY,domains.list,domains.list,2022-04-04 10:31:19.067763,f1e3a7a99a845306d2d0d603
17youzi.com,AVAILABILITY,domains.list,domains.list,2022-04-04 10:31:39.713525,f1e3a7a99a845306d2d0d603
1800.stats.misstrends.com,AVAILABILITY,domains.list,domains.list,2022-04-04 10:31:41.082390,f1e3a7a99a845306d2d0d603
18038c519aba440e0f12b5cb6f90b0f4.safeframe.googlesyndication.com,AVAILABILITY,domains.list,domains.list,2022-04-04 10:31:41.535854,f1e3a7a99a845306d2d0d603
180bets.com,AVAILABILITY,domains.list,domains.list,2022-04-04 10:31:42.762968,f1e3a7a99a845306d2d0d603
180hits.de,AVAILABILITY,domains.list,domains.list,2022-04-04 10:31:46.214200,f1e3a7a99a845306d2d0d603
180searchassistant.com,AVAILABILITY,domains.list,domains.list,2022-04-04 10:31:49.116942,f1e3a7a99a845306d2d0d603
1817628.fls.doubleclick.net,AVAILABILITY,domains.list,domains.list,2022-04-04 10:31:50.017943,f1e3a7a99a845306d2d0d603
1818sex.com,AVAILABILITY,domains.list,domains.list,2022-04-04 10:31:51.128317,f1e3a7a99a845306d2d0d603
1866809.securefastserver.com,AVAILABILITY,domains.list,domains.list,2022-04-04 10:31:52.415801,f1e3a7a99a845306d2d0d603
1867.stats.misstrends.com,AVAILABILITY,domains.list,domains.list,2022-04-04 10:31:53.746451,f1e3a7a99a845306d2d0d603
18744.com,AVAILABILITY,domains.list,domains.list,2022-04-04 10:31:54.852892,f1e3a7a99a845306d2d0d603
18859b1bd7f1495f898111a1360bf402.fp.measure.office.com,AVAILABILITY,domains.list,domains.list,2022-04-04 10:31:56.595565,f1e3a7a99a845306d2d0d603
188838.parkingcrew.net,AVAILABILITY,domains.list,domains.list,2022-04-04 10:31:57.544488,f1e3a7a99a845306d2d0d603
188bet.com,AVAILABILITY,domains.list,domains.list,2022-04-04 10:32:01.780442,f1e3a7a99a845306d2d0d603
189-211-177-171.static.axtel.net,AVAILABILITY,domains.list,domains.list,2022-04-04 10:32:02.484397,f1e3a7a99a845306d2d0d603
189zx.com,AVAILABILITY,domains.list,domains.list,2022-04-04 10:32:03.851747,f1e3a7a99a845306d2d0d603
18bec501e91f40959919a8153de884cf.fp.measure.office.com,AVAILABILITY,domains.list,domains.list,2022-04-04 10:32:04.372479,f1e3a7a99a845306d2d0d603
18bet.com,AVAILABILITY,domains.list,domains.list,2022-04-04 10:32:08.270657,f1e3a7a99a845306d2d0d603
18cm.org,AVAILABILITY,domains.list,domains.list,2022-04-04 10:32:09.139768,f1e3a7a99a845306d2d0d603
18d1060098c849bea73d25189e68ca64.fp.measure.office.com,AVAILABILITY,domains.list,domains.list,2022-04-04 10:32:11.627534,f1e3a7a99a845306d2d0d603
18freeporn.com,AVAILABILITY,domains.list,domains.list,2022-04-04 10:32:12.800156,f1e3a7a99a845306d2d0d603
18hdxxx.com,AVAILABILITY,domains.list,domains.list,2022-04-04 10:32:13.541894,f1e3a7a99a845306d2d0d603
18pluscard.com,AVAILABILITY,domains.list,domains.list,2022-04-04 10:32:14.203352,f1e3a7a99a845306d2d0d603
18pluspics.com,AVAILABILITY,domains.list,domains.list,2022-04-04 10:32:15.186434,f1e3a7a99a845306d2d0d603
18plusstore.com,AVAILABILITY,domains.list,domains.list,2022-04-04 10:32:18.533299,f1e3a7a99a845306d2d0d603
18pure.info,AVAILABILITY,domains.list,domains.list,2022-04-04 10:32:19.271221,f1e3a7a99a845306d2d0d603
18teengirl.com,AVAILABILITY,domains.list,domains.list,2022-04-04 10:32:19.894944,f1e3a7a99a845306d2d0d603
18xtube.com,AVAILABILITY,domains.list,domains.list,2022-04-04 10:32:21.675891,f1e3a7a99a845306d2d0d603
1901.nordstrom.com,AVAILABILITY,domains.list,domains.list,2022-04-04 10:32:22.697562,f1e3a7a99a845306d2d0d603
19097.hittail.com,AVAILABILITY,domains.list,domains.list,2022-04-04 10:32:23.661461,f1e3a7a99a845306d2d0d603
191661.engine.mobileapptracking.com,AVAILABILITY,domains.list,domains.list,2022-04-04 10:32:24.188875,f1e3a7a99a845306d2d0d603
192.168.112.2o7.net,AVAILABILITY,domains.list,domains.list,2022-04-04 10:32:24.953045,f1e3a7a99a845306d2d0d603
192.168.122.2o7.net,AVAILABILITY,domains.list,domains.list,2022-04-04 10:32:25.723262,f1e3a7a99a845306d2d0d603
1920.co.kr,AVAILABILITY,domains.list,domains.list,2022-04-04 10:32:27.933289,f1e3a7a99a845306d2d0d603
194792.engine.mobileapptracking.com,AVAILABILITY,domains.list,domains.list,2022-04-04 10:32:28.489915,f1e3a7a99a845306d2d0d603
19500.hittail.com,AVAILABILITY,domains.list,domains.list,2022-04-04 10:32:29.522913,f1e3a7a99a845306d2d0d603
19533.hittail.com,AVAILABILITY,domains.list,domains.list,2022-04-04 10:32:30.570697,f1e3a7a99a845306d2d0d603
19867ce6a2ee4ea39c142d05d5642ff0.fp.measure.office.com,AVAILABILITY,domains.list,domains.list,2022-04-04 10:32:32.992452,f1e3a7a99a845306d2d0d603
19blog.com,AVAILABILITY,domains.list,domains.list,2022-04-04 10:32:34.028455,f1e3a7a99a845306d2d0d603
19e94194938b43c6a2bf3f716a6ebdeb.fp.measure.office.com,AVAILABILITY,domains.list,domains.list,2022-04-04 10:32:36.620192,f1e3a7a99a845306d2d0d603
1a014b3bf4cf456db6ce47b1dadb6d7b.fp.measure.office.com,AVAILABILITY,domains.list,domains.list,2022-04-04 10:32:37.736043,f1e3a7a99a845306d2d0d603
1a0526f8bb714146977b783765b61b40.fp.measure.office.com,AVAILABILITY,domains.list,domains.list,2022-04-04 10:32:40.150321,f1e3a7a99a845306d2d0d603
1a4b52cdd623440689c794a915aa3787.fp.measure.office.com,AVAILABILITY,domains.list,domains.list,2022-04-04 10:32:42.710128,f1e3a7a99a845306d2d0d603
1a5fd050ab644bd9ad440efe08499259.fp.measure.office.com,AVAILABILITY,domains.list,domains.list,2022-04-04 10:32:45.926554,f1e3a7a99a845306d2d0d603
1a8396d9c1ef4b339d28d09d91310539.fp.measure.office.com,AVAILABILITY,domains.list,domains.list,2022-04-04 10:32:48.575680,f1e3a7a99a845306d2d0d603
1a9a06de2bff40e3aac880bbc2c9da51.fp.measure.office.com,AVAILABILITY,domains.list,domains.list,2022-04-04 10:32:49.866952,f1e3a7a99a845306d2d0d603
1adult.com,AVAILABILITY,domains.list,domains.list,2022-04-04 10:32:50.797835,f1e3a7a99a845306d2d0d603
1afc8b2f3b0d4c009dc21851f29bc896.fp.measure.office.com,AVAILABILITY,domains.list,domains.list,2022-04-04 10:32:51.332536,f1e3a7a99a845306d2d0d603
1as-bannertest.adtech.de,AVAILABILITY,domains.list,domains.list,2022-04-04 10:32:52.056458,f1e3a7a99a845306d2d0d603
1as-bannertest.adtechus.com,AVAILABILITY,domains.list,domains.list,2022-04-04 10:32:52.939395,f1e3a7a99a845306d2d0d603
1au.cqcounter.com,AVAILABILITY,domains.list,domains.list,2022-04-04 10:32:54.775579,f1e3a7a99a845306d2d0d603
1auntie-phone-sex.info,AVAILABILITY,domains.list,domains.list,2022-04-04 10:32:55.627132,f1e3a7a99a845306d2d0d603
1b6b2df535f741d68ca9e7db2eaab0fa.fp.measure.office.com,AVAILABILITY,domains.list,domains.list,2022-04-04 10:32:59.553235,f1e3a7a99a845306d2d0d603
1bb261.r.axf8.net,AVAILABILITY,domains.list,domains.list,2022-04-04 10:33:00.298806,f1e3a7a99a845306d2d0d603
1be3d4611d3845f7ada1d93e7a96fab4.fp.measure.office.com,AVAILABILITY,domains.list,domains.list,2022-04-04 10:33:00.701288,f1e3a7a99a845306d2d0d603
1beb2a44.space,AVAILABILITY,domains.list,domains.list,2022-04-04 10:33:01.553440,f1e3a7a99a845306d2d0d603
1bet.com,AVAILABILITY,domains.list,domains.list,2022-04-04 10:33:02.564038,f1e3a7a99a845306d2d0d603
1bet2bet.com,AVAILABILITY,domains.list,domains.list,2022-04-04 10:33:03.278272,f1e3a7a99a845306d2d0d603
1bg.net,AVAILABILITY,domains.list,domains.list,2022-04-04 10:33:04.776626,f1e3a7a99a845306d2d0d603
1bm.cqcounter.com,AVAILABILITY,domains.list,domains.list,2022-04-04 10:33:06.907246,f1e3a7a99a845306d2d0d603
1c.adx1.com,AVAILABILITY,domains.list,domains.list,2022-04-04 10:33:08.175396,f1e3a7a99a845306d2d0d603
1c297be5e881bb912aad60f088a49b50.fp.measure.office.com,AVAILABILITY,domains.list,domains.list,2022-04-04 10:33:10.494387,f1e3a7a99a845306d2d0d603
1c56b0ed30124475b31432c14c53021d.fp.measure.office.com,AVAILABILITY,domains.list,domains.list,2022-04-04 10:33:12.999869,f1e3a7a99a845306d2d0d603
1c6856b6c4eb4836a8fa8202ede006ba.fp.measure.office.com,AVAILABILITY,domains.list,domains.list,2022-04-04 10:33:15.742275,f1e3a7a99a845306d2d0d603
1c6e2.v.fwmrm.net,AVAILABILITY,domains.list,domains.list,2022-04-04 10:33:16.450439,f1e3a7a99a845306d2d0d603
1ca.cqcounter.com,AVAILABILITY,domains.list,domains.list,2022-04-04 10:33:17.999285,f1e3a7a99a845306d2d0d603
1cf90e1bad6941e7a4488580d8cf9741.fp.measure.office.com,AVAILABILITY,domains.list,domains.list,2022-04-04 10:33:20.919683,f1e3a7a99a845306d2d0d603
1cgi.hitbox.com,AVAILABILITY,domains.list,domains.list,2022-04-04 10:33:31.858413,f1e3a7a99a845306d2d0d603
1d2cd9c63fd54d0c826a99a8e1ffb0a3.fp.measure.office.com,AVAILABILITY,domains.list,domains.list,2022-04-04 10:33:33.820200,f1e3a7a99a845306d2d0d603
1d57553ca0224ad5990dcd3a58e2b73c.fp.measure.office.com,AVAILABILITY,domains.list,domains.list,2022-04-04 10:33:35.447872,f1e3a7a99a845306d2d0d603
1de.cqcounter.com,AVAILABILITY,domains.list,domains.list,2022-04-04 10:33:37.026009,f1e3a7a99a845306d2d0d603
1directory.ru,AVAILABILITY,domains.list,domains.list,2022-04-04 10:33:38.597672,f1e3a7a99a845306d2d0d603
1e191b47c34a48338d25185655a0b13c.fp.measure.office.com,AVAILABILITY,domains.list,domains.list,2022-04-04 10:33:40.855624,f1e3a7a99a845306d2d0d603
1e99dc43314e4914a8bbbd689e108171.fp.measure.office.com,AVAILABILITY,domains.list,domains.list,2022-04-04 10:33:43.282115,f1e3a7a99a845306d2d0d603
1egy.com,AVAILABILITY,domains.list,domains.list,2022-04-04 10:33:46.290219,f1e3a7a99a845306d2d0d603
1ejaculationinterne.com,AVAILABILITY,domains.list,domains.list,2022-04-04 10:33:50.406290,f1e3a7a99a845306d2d0d603
1empiredirect.com,AVAILABILITY,domains.list,domains.list,2022-04-04 10:33:52.289801,f1e3a7a99a845306d2d0d603
1eroticspanking.info,AVAILABILITY,domains.list,domains.list,2022-04-04 10:33:52.848013,f1e3a7a99a845306d2d0d603
